,instagram url,Name,followers
0,https://www.instagram.com/rupa.ldhiman/,Rupal Dhiman(Jasmi),6
1,https://www.instagram.com/dinesh428pundir/,ê§ğ“Šˆğ’†œğŸ…³ğŸ…¸ğŸ…½ğŸ…´ğŸ†‚ğŸ…· ğŸ…¿ğŸ†„ğŸ…½ğŸ…³ğŸ…¸ğŸ† (ğŸ…ºğŸ…°ğŸ†ƒğŸ…¸ğŸ…»)ğ’†œğ“Š‰ê§‚,144
2,https://www.instagram.com/_alishasharma23/,Alisha Sharma,232
3,https://www.instagram.com/famousgujjutech/,Famous Gujju Tech,108
4,https://www.instagram.com/famousgujjutech/,Famous Gujju Tech,108
5,https://www.instagram.com/famousgujjutech/,Famous Gujju Tech,108
6,https://www.instagram.com/famousgujjutech/,Famous Gujju Tech,108
7,https://www.instagram.com/paid_girl_saalu/,Paid saalu,63
8,https://www.instagram.com/famousgujjutech/,Famous Gujju Tech,108
9,https://www.instagram.com/_rumboi_/,RUMBOI,11
10,https://www.instagram.com/nandhitha_nan_dhu_jk_/,paid_nandhu,290
11,https://www.instagram.com/famousgujjutech/,Famous Gujju Tech,108
12,https://www.instagram.com/famousgujjutech/,Famous Gujju Tech,108
13,https://www.instagram.com/paidgirl1590/,Neha pandey,36
14,https://www.instagram.com/paidgirl1590/,Neha pandey,36
15,https://www.instagram.com/_rumboi_/,RUMBOI,11
16,https://www.instagram.com/famousgujjutech/,Famous Gujju Tech,108
17,https://www.instagram.com/estaa7060/,@RaxmiRoyofficial Account,14830
18,https://www.instagram.com/sonam_babys/,sonam80,784
19,https://www.instagram.com/sonam_babys/,sonam80,784
20,https://www.instagram.com/nandhitha_nan_dhu_jk_/,paid_nandhu,290
21,https://www.instagram.com/paid_girl_saalu/,Paid saalu,63
22,https://www.instagram.com/luv.u.moree/,ï¼­ï¼¡''ï¼¤''ï¼¡ï¼®,9376
23,https://www.instagram.com/divyaaaaaa.jain22/,Divya jain,2
24,https://www.instagram.com/cosplay_girl_that/,that_cosplay_girl,70
25,https://www.instagram.com/fashion_.villa__/,ğŸŒºFASHION VILLAâ„¢ by -â€˜RUHIâ€™ğŸŒº,1932
26,https://www.instagram.com/famousgujjutech/,Famous Gujju Tech,108
27,https://www.instagram.com/famousgujjutech/,Famous Gujju Tech,108
28,https://www.instagram.com/fashion_.villa__/,ğŸŒºFASHION VILLAâ„¢ by -â€˜RUHIâ€™ğŸŒº,1932
29,https://www.instagram.com/fashion_.villa__/,ğŸŒºFASHION VILLAâ„¢ by -â€˜RUHIâ€™ğŸŒº,1932
30,https://www.instagram.com/fashion_.villa__/,ğŸŒºFASHION VILLAâ„¢ by -â€˜RUHIâ€™ğŸŒº,1932
31,https://www.instagram.com/fashion_.villa__/,ğŸŒºFASHION VILLAâ„¢ by -â€˜RUHIâ€™ğŸŒº,1932
32,https://www.instagram.com/_alishasharma23/,Alisha Sharma,232
33,https://www.instagram.com/amritasingh_paidfun/,amrita singh,143
34,https://www.instagram.com/paidfun__jaya/,jaya singh,578
35,https://www.instagram.com/raxmiroy_/,Raxmiroy â£ï¸,1158
36,https://www.instagram.com/sonam_babys/,sonam80,784
37,https://www.instagram.com/estaa7060/,@RaxmiRoyofficial Account,14830
38,https://www.instagram.com/amnandan/,introvert boy,186
39,https://www.instagram.com/famousgujjutech/,Famous Gujju Tech,108
40,https://www.instagram.com/divyaaaaaa.jain22/,Divya jain,2
41,https://www.instagram.com/sonam_babys/,sonam80,784
42,https://www.instagram.com/paid_girl_saalu/,Paid saalu,63
43,https://www.instagram.com/paid_girl_saalu/,Paid saalu,63
44,https://www.instagram.com/_alishasharma23/,Alisha Sharma,232
45,https://www.instagram.com/_alishasharma23/,Alisha Sharma,232
46,https://www.instagram.com/_alishasharma23/,Alisha Sharma,232
47,https://www.instagram.com/_alishasharma23/,Alisha Sharma,232
48,https://www.instagram.com/famousgujjutech/,Famous Gujju Tech,108
49,https://www.instagram.com/famousgujjutech/,Famous Gujju Tech,108
50,https://www.instagram.com/famousgujjutech/,Famous Gujju Tech,108
51,https://www.instagram.com/mallupremium/,HOST X,112
52,https://www.instagram.com/famousgujjutech/,Famous Gujju Tech,108
53,https://www.instagram.com/nandhitha_nan_dhu_jk_/,paid_nandhu,290
54,https://www.instagram.com/famousgujjutech/,Famous Gujju Tech,108
55,https://www.instagram.com/cosplay_girl_that/,that_cosplay_girl,70
56,https://www.instagram.com/simmi__1717/,simran,64
57,https://www.instagram.com/famousgujjutech/,Famous Gujju Tech,108
58,https://www.instagram.com/_rumboi_/,RUMBOI,11
59,https://www.instagram.com/ilinstitute/,Independent Living Institute,133
60,https://www.instagram.com/estaa7060/,@RaxmiRoyofficial Account,14830
61,https://www.instagram.com/sonam_babys/,sonam80,784
62,https://www.instagram.com/_rumboi_/,RUMBOI,11
63,https://www.instagram.com/angel_paid_fun_/,angel,724
64,https://www.instagram.com/famousgujjutech/,Famous Gujju Tech,108
65,https://www.instagram.com/riya_shan12/,Riya_shan,621
66,https://www.instagram.com/estaa7060/,@RaxmiRoyofficial Account,14830
67,https://www.instagram.com/famousgujjutech/,Famous Gujju Tech,108
68,https://www.instagram.com/reels.royace/,Reels Royace,78
69,https://www.instagram.com/nandhitha_nan_dhu_jk_/,paid_nandhu,290
70,https://www.instagram.com/_rumboi_/,RUMBOI,11
71,https://www.instagram.com/suhana.kaur26/,Suhana.kaur26,2250
72,https://www.instagram.com/thebusinessmotivation__/,business motivation,11
73,https://www.instagram.com/onlinewisdomwithkush/,Kush Agarwal,198
74,https://www.instagram.com/hotpicsoninsta/,Rocco,440
75,https://www.instagram.com/sonam_babys/,sonam80,784
76,https://www.instagram.com/paidfun__jaya/,jaya singh,578
77,https://www.instagram.com/krishna_collection696/,krishna collection,129
78,https://www.instagram.com/famousgujjutech/,Famous Gujju Tech,108
79,https://www.instagram.com/lovelyishu143_/,lovely ishu,671
80,https://www.instagram.com/chodnewala21/,Choduuu Singh,39
81,https://www.instagram.com/paidgirlpooja692/,ğŸŒ¸paidgirl poojağŸŒ¸,908
82,https://www.instagram.com/paidgirlpooja692/,ğŸŒ¸paidgirl poojağŸŒ¸,908
83,https://www.instagram.com/sonam_babys/,sonam80,784
84,https://www.instagram.com/raxmiroy_/,Raxmiroy â£ï¸,1158
85,https://www.instagram.com/estaa7060/,@RaxmiRoyofficial Account,14830
86,https://www.instagram.com/estaa7060/,@RaxmiRoyofficial Account,14830
87,https://www.instagram.com/reels.royace/,Reels Royace,78
88,https://www.instagram.com/nandhitha_nan_dhu_jk_/,paid_nandhu,290
89,https://www.instagram.com/darkdevil978222/,Alexander martin,0
90,https://www.instagram.com/paidgirlpooja692/,ğŸŒ¸paidgirl poojağŸŒ¸,908
91,https://www.instagram.com/paidgirlpooja692/,ğŸŒ¸paidgirl poojağŸŒ¸,908
92,https://www.instagram.com/paidgirlpooja692/,ğŸŒ¸paidgirl poojağŸŒ¸,908
93,https://www.instagram.com/paidgirlpooja692/,ğŸŒ¸paidgirl poojağŸŒ¸,908
94,https://www.instagram.com/paidgirlpooja692/,ğŸŒ¸paidgirl poojağŸŒ¸,908
95,https://www.instagram.com/riya_shan12/,Riya_shan,621
96,https://www.instagram.com/sonam_babys/,sonam80,785
97,https://www.instagram.com/estaa7060/,@RaxmiRoyofficial Account,14830
98,https://www.instagram.com/estaa7060/,@RaxmiRoyofficial Account,14830
99,https://www.instagram.com/mybankexam/,MyBankExam,29
100,https://www.instagram.com/nandhitha_nan_dhu_jk_/,paid_nandhu,290
101,https://www.instagram.com/coding_home1/,coding_home,56
102,https://www.instagram.com/chodnewala21/,Choduuu Singh,39
103,https://www.instagram.com/puress_f/,PURESS F,389
104,https://www.instagram.com/riya_shan12/,Riya_shan,621
105,https://www.instagram.com/estaa7060/,@RaxmiRoyofficial Account,14830
106,https://www.instagram.com/estaa7060/,@RaxmiRoyofficial Account,14830
107,https://www.instagram.com/fitnessbuff0/,Fitness Buff,1212
108,https://www.instagram.com/fitnessbuff10/,FITNESS BUFF,487
109,https://www.instagram.com/fitness_buff0/,FITNESS BUFF,89
110,https://www.instagram.com/sonam_babys/,sonam80,785
111,https://www.instagram.com/techd_x/,TECH DX,171
112,https://www.instagram.com/cosplay_girl_that/,that_cosplay_girl,70
113,https://www.instagram.com/helloshopping860/,online shopping,596
114,https://www.instagram.com/angel_paid_fun_/,angel,724
115,https://www.instagram.com/amritasingh_paidfun/,amrita singh,143
116,https://www.instagram.com/paidfun__jaya/,jaya singh,578
117,https://www.instagram.com/krishna_collection696/,krishna collection,129
118,https://www.instagram.com/real_meet_india_official/,Only real meet available,87
119,https://www.instagram.com/jk.knowledge/,,44
120,https://www.instagram.com/paid_divya_sree/,divya__sree,36
121,https://www.instagram.com/sb_trading_secrets/,,38
122,https://www.instagram.com/paidgirlpooja692/,ğŸŒ¸paidgirl poojağŸŒ¸,908
123,https://www.instagram.com/sonam_babys/,sonam80,785
124,https://www.instagram.com/paidgirlpooja692/,ğŸŒ¸paidgirl poojağŸŒ¸,908
125,https://www.instagram.com/dreamsshoppin2.0/,dreamsshoppin2.0,68
126,https://www.instagram.com/paidgirlpooja692/,ğŸŒ¸paidgirl poojağŸŒ¸,908
127,https://www.instagram.com/paidgirlpooja692/,ğŸŒ¸paidgirl poojağŸŒ¸,908
128,https://www.instagram.com/paidgirlpooja692/,ğŸŒ¸paidgirl poojağŸŒ¸,908
129,https://www.instagram.com/paidgirlpooja692/,ğŸŒ¸paidgirl poojağŸŒ¸,908
130,https://www.instagram.com/paidforfun_maria/,Nothing is free,484
131,https://www.instagram.com/sonam_babys/,sonam80,785
132,https://www.instagram.com/estaa7060/,@RaxmiRoyofficial Account,14830
133,https://www.instagram.com/reels.royace/,Reels Royace,78
134,https://www.instagram.com/sonam_babys/,sonam80,785
135,https://www.instagram.com/claire.footwears/,Claire Footwears,16
136,https://www.instagram.com/claire.footwears/,Claire Footwears,16
137,https://www.instagram.com/claire.footwears/,Claire Footwears,16
138,https://www.instagram.com/genuine_mansi._/,any time service,1684
139,https://www.instagram.com/riya_shan12/,Riya_shan,621
140,https://www.instagram.com/riya_shan12/,Riya_shan,621
141,https://www.instagram.com/raxmiroy_/,Raxmiroy â£ï¸,1158
142,https://www.instagram.com/estaa7060/,@RaxmiRoyofficial Account,14830
143,https://www.instagram.com/brandholic32/,ğŸ”°BRANDHOLICğŸ”°,55
144,https://www.instagram.com/paidgirlpooja692/,ğŸŒ¸paidgirl poojağŸŒ¸,908
145,https://www.instagram.com/paid_fun_disha30/,,54
146,https://www.instagram.com/reels.royace/,Reels Royace,78
147,https://www.instagram.com/riya_shan12/,Riya_shan,621
148,https://www.instagram.com/raxmiroy_/,Raxmiroy â£ï¸,1158
149,https://www.instagram.com/estaa7060/,@RaxmiRoyofficial Account,14830
150,https://www.instagram.com/ghost.app.developers/,,74
151,https://www.instagram.com/riya_shan12/,Riya_shan,621
152,https://www.instagram.com/estaa7060/,@RaxmiRoyofficial Account,14830
153,https://www.instagram.com/sonam_babys/,sonam80,785
154,https://www.instagram.com/raxmiroy_/,Raxmiroy â£ï¸,1158
155,https://www.instagram.com/ellitesbotique/,ğŸŒºğ„ğ‹ğ‹ğˆğ“ğ„ğ’ ğğğ“ğˆğğ”ğ„ğŸŒº,204
156,https://www.instagram.com/paytmfirstgames/,Paytm First Games,112132
157,https://www.instagram.com/paidgirlpooja692/,ğŸŒ¸paidgirl poojağŸŒ¸,908
158,https://www.instagram.com/spstickershop/,SP Stickershop satish painter,24311
159,https://www.instagram.com/paidgirlpooja692/,ğŸŒ¸paidgirl poojağŸŒ¸,908
160,https://www.instagram.com/startup_pedia_hindi/,startup pedia hindi,45
161,https://www.instagram.com/reels.royace/,Reels Royace,78
162,https://www.instagram.com/raxmiroy_/,Raxmiroy â£ï¸,1158
163,https://www.instagram.com/estaa7060/,@RaxmiRoyofficial Account,14830
164,https://www.instagram.com/sonam_babys/,sonam80,785
165,https://www.instagram.com/paidgirlpooja692/,ğŸŒ¸paidgirl poojağŸŒ¸,908
166,https://www.instagram.com/paidgirlpooja692/,ğŸŒ¸paidgirl poojağŸŒ¸,908
167,https://www.instagram.com/helloooocbsnxn/,,5
168,https://www.instagram.com/sonam_babys/,sonam80,785
169,https://www.instagram.com/raxmiroy_/,Raxmiroy â£ï¸,1158
170,https://www.instagram.com/riya_shan12/,Riya_shan,621
171,https://www.instagram.com/estaa7060/,@RaxmiRoyofficial Account,14830
172,https://www.instagram.com/sanjeev_gautam_massager/,massageforfemalesindelhi,991
173,https://www.instagram.com/reels.royace/,Reels Royace,78
174,https://www.instagram.com/aayushi_paid_girl2/,paid girl service ğŸ‘™ğŸ’‹ğŸ’¦,82
175,https://www.instagram.com/riya_shan12/,Riya_shan,621
176,https://www.instagram.com/raxmiroy_/,Raxmiroy â£ï¸,1158
177,https://www.instagram.com/reels.royace/,Reels Royace,78
178,https://www.instagram.com/ghost.app.developers/,,74
179,https://www.instagram.com/sonam_babys/,sonam80,785
180,https://www.instagram.com/estaa7060/,@RaxmiRoyofficial Account,14830
181,https://www.instagram.com/raxmiroy_/,Raxmiroy â£ï¸,1158
182,https://www.instagram.com/riya_shan12/,Riya_shan,621
183,https://www.instagram.com/blok.cake/,,130
184,https://www.instagram.com/angel_paid_fun_/,angel,724
185,https://www.instagram.com/paid_divya_sree/,divya__sree,36
186,https://www.instagram.com/real_meet_india_official/,Only real meet available,87
187,https://www.instagram.com/businessnews.news/,BusinessNews,75
188,https://www.instagram.com/paid_divya_sree/,divya__sree,36
189,https://www.instagram.com/simmi__1717/,simran,64
190,https://www.instagram.com/angel_paid_fun_/,angel,724
191,https://www.instagram.com/raxmiroy_/,Raxmiroy â£ï¸,1158
192,https://www.instagram.com/sonam_babys/,sonam80,785
193,https://www.instagram.com/news.2412/,Latest_News & UpdatesğŸ”¹,4201
194,https://www.instagram.com/raxmiroy_/,Raxmiroy â£ï¸,1158
195,https://www.instagram.com/riya_shan12/,Riya_shan,621
196,https://www.instagram.com/paidgirlpoojaa69/,POOJA,692
197,https://www.instagram.com/paidgirlpoojaa69/,POOJA,692
198,https://www.instagram.com/estaa7060/,@RaxmiRoyofficial Account,14830
199,https://www.instagram.com/paidgirlpoojaa69/,POOJA,692
200,https://www.instagram.com/riya_shan12/,Riya_shan,621
201,https://www.instagram.com/raxmiroy_/,Raxmiroy â£ï¸,1158
202,https://www.instagram.com/paidfun__jaya/,jaya singh,578
203,https://www.instagram.com/raxmiroy_/,Raxmiroy â£ï¸,1158
204,https://www.instagram.com/raxmiroy_/,Raxmiroy â£ï¸,1158
205,https://www.instagram.com/paidgirlpoojaa69/,POOJA,692
206,https://www.instagram.com/delighful_facts/,Delightful facts,4832
207,https://www.instagram.com/paidgirlpoojaa69/,POOJA,692
208,https://www.instagram.com/paidgirlpoojaa69/,POOJA,692
209,https://www.instagram.com/paidgirlpriya97/,ğŸŒ¸PaidFun_PriyağŸŒ¸,3427
210,https://www.instagram.com/riya_shan12/,Riya_shan,621
211,https://www.instagram.com/estaa7060/,@RaxmiRoyofficial Account,14830
212,https://www.instagram.com/estaa7060/,@RaxmiRoyofficial Account,14830
213,https://www.instagram.com/cosplay_girl_that/,that_cosplay_girl,70
214,https://www.instagram.com/estaa7060/,@RaxmiRoyofficial Account,14830
215,https://www.instagram.com/estaa7060/,@RaxmiRoyofficial Account,14830
216,https://www.instagram.com/raxmiroy_/,Raxmiroy â£ï¸,1158
217,https://www.instagram.com/estaa7060/,@RaxmiRoyofficial Account,14830
218,https://www.instagram.com/paidfun__jaya/,jaya singh,578
219,https://www.instagram.com/kuch_bhi_umang/,umang rana,123
220,https://www.instagram.com/angel_paid_fun_/,angel,724
221,https://www.instagram.com/riya_shan12/,Riya_shan,621
222,https://www.instagram.com/riya_shan12/,Riya_shan,621
223,https://www.instagram.com/raxmiroy_/,Raxmiroy â£ï¸,1158
224,https://www.instagram.com/amritasingh_paidfun/,amrita singh,143
225,https://www.instagram.com/graspdaily/,Graspdaily,0
226,https://www.instagram.com/paidfun__jaya/,jaya singh,578
227,https://www.instagram.com/share__market__update/,Share Market ğŸ’¹ updates,38510
228,https://www.instagram.com/estaa7060/,@RaxmiRoyofficial Account,14830
229,https://www.instagram.com/estaa7060/,@RaxmiRoyofficial Account,14830
230,https://www.instagram.com/riya_shan12/,Riya_shan,621
231,https://www.instagram.com/togetherwecan22/,ğ“ğ¨ğ ğğ­ğ¡ğğ«ğ–ğğ‚ğšğ§,135
232,https://www.instagram.com/saadigaliaiaaja___009/,Roshini,1219
233,https://www.instagram.com/simmi__1717/,simran,64
234,https://www.instagram.com/estaa7060/,@RaxmiRoyofficial Account,14830
235,https://www.instagram.com/estaa7060/,@RaxmiRoyofficial Account,14830
236,https://www.instagram.com/estaa7060/,@RaxmiRoyofficial Account,14830
237,https://www.instagram.com/simmi__1717/,simran,64
238,https://www.instagram.com/estaa7060/,@RaxmiRoyofficial Account,14830
239,https://www.instagram.com/estaa7060/,@RaxmiRoyofficial Account,14830
240,https://www.instagram.com/rashika_paid_girl1/,paid fun available ğŸ’‹ğŸ‘™ğŸ’¦,255
241,https://www.instagram.com/estaa7060/,@RaxmiRoyofficial Account,14830
242,https://www.instagram.com/riya_shan12/,Riya_shan,621
243,https://www.instagram.com/financevidhya/,Finance Vidhya,81
244,https://www.instagram.com/cosplay_girl_that/,that_cosplay_girl,70
245,https://www.instagram.com/estaa7060/,@RaxmiRoyofficial Account,14830
246,https://www.instagram.com/estaa7060/,@RaxmiRoyofficial Account,14830
247,https://www.instagram.com/paid_divya_sree/,divya__sree,36
248,https://www.instagram.com/estaa7060/,@RaxmiRoyofficial Account,14830
249,https://www.instagram.com/estaa7060/,@RaxmiRoyofficial Account,14830
250,https://www.instagram.com/riya_shan12/,Riya_shan,621
251,https://www.instagram.com/estaa7060/,@RaxmiRoyofficial Account,14830
252,https://www.instagram.com/paid_divya_sree/,divya__sree,36
253,https://www.instagram.com/paid_divya_sree/,divya__sree,36
254,https://www.instagram.com/youtubers_addicters/,youtubers pe memesğŸ˜œ,308
255,https://www.instagram.com/cosplay_girl_that/,that_cosplay_girl,70
256,https://www.instagram.com/estaa7060/,@RaxmiRoyofficial Account,14830
257,https://www.instagram.com/claire.footwears/,Claire Footwears,16
258,https://www.instagram.com/claire.footwears/,Claire Footwears,16
259,https://www.instagram.com/claire.footwears/,Claire Footwears,16
260,https://www.instagram.com/claire.footwears/,Claire Footwears,16
261,https://www.instagram.com/claire.footwears/,Claire Footwears,16
262,https://www.instagram.com/claire.footwears/,Claire Footwears,16
263,https://www.instagram.com/neha.parul2/,Naha parul,5
264,https://www.instagram.com/claire.footwears/,Claire Footwears,16
265,https://www.instagram.com/claire.footwears/,Claire Footwears,16
266,https://www.instagram.com/claire.footwears/,Claire Footwears,16
267,https://www.instagram.com/claire.footwears/,Claire Footwears,16
268,https://www.instagram.com/claire.footwears/,Claire Footwears,16
269,https://www.instagram.com/claire.footwears/,Claire Footwears,16
270,https://www.instagram.com/melomaneofficial/,M E L O M A N E   A U D I O,0
271,https://www.instagram.com/estaa7060/,@RaxmiRoyofficial Account,14830
272,https://www.instagram.com/cosplay_girl_that/,that_cosplay_girl,70
273,https://www.instagram.com/estaa7060/,@RaxmiRoyofficial Account,14830
274,https://www.instagram.com/claire.footwears/,Claire Footwears,16
275,https://www.instagram.com/claire.footwears/,Claire Footwears,16
276,https://www.instagram.com/claire.footwears/,Claire Footwears,16
277,https://www.instagram.com/claire.footwears/,Claire Footwears,16
278,https://www.instagram.com/claire.footwears/,Claire Footwears,16
279,https://www.instagram.com/claire.footwears/,Claire Footwears,16
280,https://www.instagram.com/claire.footwears/,Claire Footwears,16
281,https://www.instagram.com/claire.footwears/,Claire Footwears,16
282,https://www.instagram.com/estaa7060/,@RaxmiRoyofficial Account,14830
283,https://www.instagram.com/mindmentor_hindi/,Business | Goal | Success,866
284,https://www.instagram.com/angel_paid_fun_/,angel,724
285,https://www.instagram.com/businessnews.news/,BusinessNews,75
286,https://www.instagram.com/paidfun__jaya/,jaya singh,578
287,https://www.instagram.com/estaa7060/,@RaxmiRoyofficial Account,14830
288,https://www.instagram.com/saadigaliaiaaja___009/,Roshini,1219
289,https://www.instagram.com/movieclipz786/,MOVIE CLIPZ,34
290,https://www.instagram.com/estaa7060/,@RaxmiRoyofficial Account,14830
291,https://www.instagram.com/claire.footwears/,Claire Footwears,16
292,https://www.instagram.com/claire.footwears/,Claire Footwears,16
293,https://www.instagram.com/claire.footwears/,Claire Footwears,16
294,https://www.instagram.com/claire.footwears/,Claire Footwears,16
295,https://www.instagram.com/claire.footwears/,Claire Footwears,16
296,https://www.instagram.com/claire.footwears/,Claire Footwears,16
297,https://www.instagram.com/claire.footwears/,Claire Footwears,16
298,https://www.instagram.com/claire.footwears/,Claire Footwears,16
299,https://www.instagram.com/claire.footwears/,Claire Footwears,16
300,https://www.instagram.com/claire.footwears/,Claire Footwears,16
301,https://www.instagram.com/claire.footwears/,Claire Footwears,16
302,https://www.instagram.com/claire.footwears/,Claire Footwears,16
303,https://www.instagram.com/claire.footwears/,Claire Footwears,16
304,https://www.instagram.com/claire.footwears/,Claire Footwears,16
305,https://www.instagram.com/claire.footwears/,Claire Footwears,16
306,https://www.instagram.com/claire.footwears/,Claire Footwears,16
307,https://www.instagram.com/claire.footwears/,Claire Footwears,16
308,https://www.instagram.com/claire.footwears/,Claire Footwears,16
309,https://www.instagram.com/claire.footwears/,Claire Footwears,16
310,https://www.instagram.com/claire.footwears/,Claire Footwears,16
311,https://www.instagram.com/claire.footwears/,Claire Footwears,16
312,https://www.instagram.com/claire.footwears/,Claire Footwears,16
313,https://www.instagram.com/claire.footwears/,Claire Footwears,16
314,https://www.instagram.com/claire.footwears/,Claire Footwears,16
315,https://www.instagram.com/claire.footwears/,Claire Footwears,16
316,https://www.instagram.com/claire.footwears/,Claire Footwears,16
317,https://www.instagram.com/claire.footwears/,Claire Footwears,16
318,https://www.instagram.com/claire.footwears/,Claire Footwears,16
319,https://www.instagram.com/claire.footwears/,Claire Footwears,16
320,https://www.instagram.com/claire.footwears/,Claire Footwears,16
321,https://www.instagram.com/claire.footwears/,Claire Footwears,16
322,https://www.instagram.com/claire.footwears/,Claire Footwears,16
323,https://www.instagram.com/1.tech_news/,Lovely Ashraf,18
324,https://www.instagram.com/claire.footwears/,Claire Footwears,16
325,https://www.instagram.com/claire.footwears/,Claire Footwears,16
326,https://www.instagram.com/claire.footwears/,Claire Footwears,16
327,https://www.instagram.com/claire.footwears/,Claire Footwears,16
328,https://www.instagram.com/claire.footwears/,Claire Footwears,16
329,https://www.instagram.com/claire.footwears/,Claire Footwears,16
330,https://www.instagram.com/claire.footwears/,Claire Footwears,16
331,https://www.instagram.com/claire.footwears/,Claire Footwears,16
332,https://www.instagram.com/claire.footwears/,Claire Footwears,16
333,https://www.instagram.com/claire.footwears/,Claire Footwears,16
334,https://www.instagram.com/melomaneofficial/,M E L O M A N E   A U D I O,0
335,https://www.instagram.com/estaa7060/,@RaxmiRoyofficial Account,14830
336,https://www.instagram.com/estaa7060/,@RaxmiRoyofficial Account,14830
337,https://www.instagram.com/angel_paid_fun_/,angel,724
338,https://www.instagram.com/estaa7060/,@RaxmiRoyofficial Account,14830
339,https://www.instagram.com/estaa7060/,@RaxmiRoyofficial Account,14830
340,https://www.instagram.com/claire.footwears/,Claire Footwears,16
341,https://www.instagram.com/claire.footwears/,Claire Footwears,16
342,https://www.instagram.com/claire.footwears/,Claire Footwears,16
343,https://www.instagram.com/claire.footwears/,Claire Footwears,16
344,https://www.instagram.com/claire.footwears/,Claire Footwears,16
345,https://www.instagram.com/cosplay_girl_that/,that_cosplay_girl,70
346,https://www.instagram.com/servicegirl_aditi/,Aditi Sharma,332
347,https://www.instagram.com/angel_paid_fun_/,angel,724
348,https://www.instagram.com/estaa7060/,@RaxmiRoyofficial Account,14830
349,https://www.instagram.com/claire.footwears/,Claire Footwears,16
350,https://www.instagram.com/claire.footwears/,Claire Footwears,16
351,https://www.instagram.com/claire.footwears/,Claire Footwears,16
352,https://www.instagram.com/claire.footwears/,Claire Footwears,16
353,https://www.instagram.com/claire.footwears/,Claire Footwears,16
354,https://www.instagram.com/claire.footwears/,Claire Footwears,16
355,https://www.instagram.com/claire.footwears/,Claire Footwears,16
356,https://www.instagram.com/claire.footwears/,Claire Footwears,16
357,https://www.instagram.com/claire.footwears/,Claire Footwears,16
358,https://www.instagram.com/claire.footwears/,Claire Footwears,16
359,https://www.instagram.com/claire.footwears/,Claire Footwears,16
360,https://www.instagram.com/claire.footwears/,Claire Footwears,16
361,https://www.instagram.com/angel_paid_fun_/,angel,724
362,https://www.instagram.com/claire.footwears/,Claire Footwears,16
363,https://www.instagram.com/estaa7060/,@RaxmiRoyofficial Account,14830
364,https://www.instagram.com/estaa7060/,@RaxmiRoyofficial Account,14830
365,https://www.instagram.com/estaa7060/,@RaxmiRoyofficial Account,14830
366,https://www.instagram.com/estaa7060/,@RaxmiRoyofficial Account,14830
367,https://www.instagram.com/estaa7060/,@RaxmiRoyofficial Account,14830
368,https://www.instagram.com/cosplayxx_/,cosplayxx,341
369,https://www.instagram.com/estaa7060/,@RaxmiRoyofficial Account,14830
370,https://www.instagram.com/estaa7060/,@RaxmiRoyofficial Account,14830
371,https://www.instagram.com/pay_bank_460/,PAYTM  BANK ğŸ¦,13
372,https://www.instagram.com/the.ig_paper/,The_IG_PAPER,46
373,https://www.instagram.com/shop_nest_/,Shop_nest_,308
374,https://www.instagram.com/000abhishek0/,cardingfromamazon,1777
375,https://www.instagram.com/estaa7060/,@RaxmiRoyofficial Account,14830
376,https://www.instagram.com/paidfun__jaya/,jaya singh,578
377,https://www.instagram.com/estaa7060/,@RaxmiRoyofficial Account,14830
378,https://www.instagram.com/estaa7060/,@RaxmiRoyofficial Account,14830
379,https://www.instagram.com/cosplay_girl_that/,that_cosplay_girl,70
380,https://www.instagram.com/estaa7060/,@RaxmiRoyofficial Account,14830
381,https://www.instagram.com/estaa7060/,@RaxmiRoyofficial Account,14830
382,https://www.instagram.com/estaa7060/,@RaxmiRoyofficial Account,14830
383,https://www.instagram.com/amritasingh_paidfun/,amrita singh,143
384,https://www.instagram.com/rela_table_memes/,Memes | Comedy | Fun,63
385,https://www.instagram.com/picvideoseller90/,pic seller.85,1717
386,https://www.instagram.com/estaa7060/,@RaxmiRoyofficial Account,14830
387,https://www.instagram.com/memelord12341/,Memelord,56
388,https://www.instagram.com/estaa7060/,@RaxmiRoyofficial Account,14830
389,https://www.instagram.com/estaa7060/,@RaxmiRoyofficial Account,14830
390,https://www.instagram.com/funnyintellect/,ChandelierBong,33
391,https://www.instagram.com/estaa7060/,@RaxmiRoyofficial Account,14830
392,https://www.instagram.com/paytmfirstgames/,Paytm First Games,112133
393,https://www.instagram.com/paidfun__jaya/,jaya singh,578
394,https://www.instagram.com/estaa7060/,@RaxmiRoyofficial Account,14830
395,https://www.instagram.com/fincuss.in/,Fincuss,100
396,https://www.instagram.com/estaa7060/,@RaxmiRoyofficial Account,14830
397,https://www.instagram.com/picvideoseller90/,pic seller.85,1717
398,https://www.instagram.com/estaa7060/,@RaxmiRoyofficial Account,14830
399,https://www.instagram.com/amritasingh_paidfun/,amrita singh,143
400,https://www.instagram.com/estaa7060/,@RaxmiRoyofficial Account,14830
401,https://www.instagram.com/hotpicsoninsta/,Rocco,440
402,https://www.instagram.com/estaa7060/,@RaxmiRoyofficial Account,14830
403,https://www.instagram.com/paid_girl_ananya_rubiya/,ANANYA RUBIYA,111
404,https://www.instagram.com/paid_girl_ananya_rubiya/,ANANYA RUBIYA,111
405,https://www.instagram.com/paidfun__jaya/,jaya singh,578
406,https://www.instagram.com/estaa7060/,@RaxmiRoyofficial Account,14830
407,https://www.instagram.com/paid_fun_disha30/,,54
408,https://www.instagram.com/estaa7060/,@RaxmiRoyofficial Account,14830
409,https://www.instagram.com/estaa7060/,@RaxmiRoyofficial Account,14830
410,https://www.instagram.com/paidgirl.__.simran/,simran chauhan,410
411,https://www.instagram.com/estaa7060/,@RaxmiRoyofficial Account,14830
412,https://www.instagram.com/_chutiyaap__/,ğ˜¾ğ™ƒğ™ğ™ğ™„ğ™”ğ˜¼ğ˜¼ğ™‹ ğ™ˆğ™€ğ™ˆğ™€ğ™â„¢ğŸ‡®ğŸ‡³,19918
413,https://www.instagram.com/self__earning_bykg/,A.k,65
414,https://www.instagram.com/estaa7060/,@RaxmiRoyofficial Account,14830
415,https://www.instagram.com/estaa7060/,@RaxmiRoyofficial Account,14830
416,https://www.instagram.com/estaa7060/,@RaxmiRoyofficial Account,14830
417,https://www.instagram.com/estaa7060/,@RaxmiRoyofficial Account,14830
418,https://www.instagram.com/cosplay_girl_that/,that_cosplay_girl,70
419,https://www.instagram.com/estaa7060/,@RaxmiRoyofficial Account,14830
420,https://www.instagram.com/aandtv/,thodi media,1220
421,https://www.instagram.com/self__earning_bykg/,A.k,65
422,https://www.instagram.com/therndtv/,RNDTV,5845
423,https://www.instagram.com/self__earning_bykg/,A.k,65
424,https://www.instagram.com/estaa7060/,@RaxmiRoyofficial Account,14830
425,https://www.instagram.com/estaa7060/,@RaxmiRoyofficial Account,14830
426,https://www.instagram.com/estaa7060/,@RaxmiRoyofficial Account,14830
427,https://www.instagram.com/ip_intellectual/,Business | Money | Motivation,233
428,https://www.instagram.com/estaa7060/,@RaxmiRoyofficial Account,14830
429,https://www.instagram.com/estaa7060/,@RaxmiRoyofficial Account,14830
430,https://www.instagram.com/estaa7060/,@RaxmiRoyofficial Account,14830
431,https://www.instagram.com/melomaneofficial/,M E L O M A N E   A U D I O,0
432,https://www.instagram.com/paidgirl.__.simran/,simran chauhan,410
433,https://www.instagram.com/estaa7060/,@RaxmiRoyofficial Account,14830
434,https://www.instagram.com/estaa7060/,@RaxmiRoyofficial Account,14830
435,https://www.instagram.com/cosplay_girl_that/,that_cosplay_girl,70
436,https://www.instagram.com/estaa7060/,@RaxmiRoyofficial Account,14830
437,https://www.instagram.com/estaa7060/,@RaxmiRoyofficial Account,14830
438,https://www.instagram.com/chesta_funservice/,Chesta pourwal,274
439,https://www.instagram.com/paidgirl.__.simran/,simran chauhan,410
440,https://www.instagram.com/estaa7060/,@RaxmiRoyofficial Account,14830
441,https://www.instagram.com/swappytalks/,Letest tech news,452
442,https://www.instagram.com/sakshi_store/,Sakshi ğŸ’œ,1102
443,https://www.instagram.com/discoverbeachdestination/,Beach Bikini Travel,283
444,https://www.instagram.com/business_help_motivation2020/,Business vala,386
445,https://www.instagram.com/raun.ak8810/,Raunak 8810,122
446,https://www.instagram.com/melomaneofficial/,M E L O M A N E   A U D I O,0
447,https://www.instagram.com/arvind.arora_fansclub/,Arvind Arora (A2 Motivation),421
448,https://www.instagram.com/paid__service_only/,mini payment 100,573
449,https://www.instagram.com/pankhuri882/,pankhuri,118
450,https://www.instagram.com/estaa7060/,@RaxmiRoyofficial Account,14830
451,https://www.instagram.com/_sexx_talk_/,Sex Education,61
452,https://www.instagram.com/priyakaur4348/,priya kaur,338
453,https://www.instagram.com/priyakaur4348/,priya kaur,338
454,https://www.instagram.com/aru.shikhanna/,arushi khanna,4
455,https://www.instagram.com/estaa7060/,@RaxmiRoyofficial Account,14830
456,https://www.instagram.com/estaa7060/,@RaxmiRoyofficial Account,14830
457,https://www.instagram.com/estaa7060/,@RaxmiRoyofficial Account,14830
458,https://www.instagram.com/estaa7060/,@RaxmiRoyofficial Account,14830
459,https://www.instagram.com/rohitsharma5896/,,1388
460,https://www.instagram.com/estaa7060/,@RaxmiRoyofficial Account,14830
461,https://www.instagram.com/estaa7060/,@RaxmiRoyofficial Account,14830
462,https://www.instagram.com/sumedh_handicrafts/,SUMEDH hand^crafts,1448
463,https://www.instagram.com/estaa7060/,@RaxmiRoyofficial Account,14830
464,https://www.instagram.com/estaa7060/,@RaxmiRoyofficial Account,14830
465,https://www.instagram.com/thenallamemer/,Nalla Memer,468
466,https://www.instagram.com/estaa7060/,@RaxmiRoyofficial Account,14830
467,https://www.instagram.com/estaa7060/,@RaxmiRoyofficial Account,14830
468,https://www.instagram.com/estaa7060/,@RaxmiRoyofficial Account,14830
469,https://www.instagram.com/estaa7060/,@RaxmiRoyofficial Account,14830
470,https://www.instagram.com/pubgucseller2021______/,PUBG UC AND CARDING â¤ï¸,605
471,https://www.instagram.com/aalborgglobal/,Aalborg Aal,54
472,https://www.instagram.com/aalborgglobal/,Aalborg Aal,54
473,https://www.instagram.com/estaa7060/,@RaxmiRoyofficial Account,14830
474,https://www.instagram.com/estaa7060/,@RaxmiRoyofficial Account,14830
475,https://www.instagram.com/estaa7060/,@RaxmiRoyofficial Account,14830
476,https://www.instagram.com/simmi__1717/,simran,64
477,https://www.instagram.com/estaa7060/,@RaxmiRoyofficial Account,14830
478,https://www.instagram.com/estaa7060/,@RaxmiRoyofficial Account,14830
479,https://www.instagram.com/estaa7060/,@RaxmiRoyofficial Account,14830
480,https://www.instagram.com/stock_big_bull/,stock_big_bull,63
481,https://www.instagram.com/simmi__1717/,simran,64
482,https://www.instagram.com/estaa7060/,@RaxmiRoyofficial Account,14830
483,https://www.instagram.com/estaa7060/,@RaxmiRoyofficial Account,14830
484,https://www.instagram.com/estaa7060/,@RaxmiRoyofficial Account,14830
485,https://www.instagram.com/empire._promo/,,73837
486,https://www.instagram.com/empire._promo/,,73837
487,https://www.instagram.com/estaa7060/,@RaxmiRoyofficial Account,14830
488,https://www.instagram.com/empire._promo/,,73837
489,https://www.instagram.com/estaa7060/,@RaxmiRoyofficial Account,14830
490,https://www.instagram.com/empire._promo/,,73837
491,https://www.instagram.com/estaa7060/,@RaxmiRoyofficial Account,14830
492,https://www.instagram.com/empire._promo/,,73837
493,https://www.instagram.com/empire._promo/,,73837
494,https://www.instagram.com/kya_boli_phuppu/,KYA BOLI PHUPPU ?,299
495,https://www.instagram.com/muskansharma4952/,paytm phone pay girl,652
496,https://www.instagram.com/shreyapandey_officiall/,Shreya Pandey | paid service,25
497,https://www.instagram.com/shreyapandey_officiall/,Shreya Pandey | paid service,25
498,https://www.instagram.com/simmi__1717/,simran,64
499,https://www.instagram.com/simra_paidgirl/,,41
500,https://www.instagram.com/simra_paidgirl/,,41
501,https://www.instagram.com/simra_paidgirl/,,41
502,https://www.instagram.com/simra_paidgirl/,,41
503,https://www.instagram.com/simra_paidgirl/,,41
504,https://www.instagram.com/simra_paidgirl/,,41
505,https://www.instagram.com/simra_paidgirl/,,41
506,https://www.instagram.com/simmi__1717/,simran,64
507,https://www.instagram.com/simmi__1717/,simran,64
508,https://www.instagram.com/at_memers/,AT memersğŸ˜‚ğŸ˜‚,87
509,https://www.instagram.com/estaa7060/,@RaxmiRoyofficial Account,14830
510,https://www.instagram.com/ritu5664255/,Ritika sharma,178
511,https://www.instagram.com/ritu5664255/,Ritika sharma,178
512,https://www.instagram.com/ritu5664255/,Ritika sharma,178
513,https://www.instagram.com/ritu5664255/,Ritika sharma,178
514,https://www.instagram.com/ritu5664255/,Ritika sharma,178
515,https://www.instagram.com/ritu5664255/,Ritika sharma,178
516,https://www.instagram.com/estaa7060/,@RaxmiRoyofficial Account,14830
517,https://www.instagram.com/estaa7060/,@RaxmiRoyofficial Account,14830
518,https://www.instagram.com/estaa7060/,@RaxmiRoyofficial Account,14830
519,https://www.instagram.com/rtiwalaofficial/,RTIwala Services,161
520,https://www.instagram.com/estaa7060/,@RaxmiRoyofficial Account,14830
521,https://www.instagram.com/social_media____queen/,,144
522,https://www.instagram.com/simmi__1717/,simran,64
523,https://www.instagram.com/estaa7060/,@RaxmiRoyofficial Account,14830
524,https://www.instagram.com/estaa7060/,@RaxmiRoyofficial Account,14830
525,https://www.instagram.com/amhiinvestors/,SHARE MARKET MARATHI,3060
526,https://www.instagram.com/estaa7060/,@RaxmiRoyofficial Account,14830
527,https://www.instagram.com/businessnews.news/,BusinessNews,75
528,https://www.instagram.com/bse_bazaar_/,_bse_bazaar_ğŸ‚ğŸ’°,128
529,https://www.instagram.com/muskansharma4952/,paytm phone pay girl,652
530,https://www.instagram.com/aravai.tommidi/,69,1229
531,https://www.instagram.com/estaa7060/,@RaxmiRoyofficial Account,14830
532,https://www.instagram.com/factgaluxy/,factgaluxy,1059
533,https://www.instagram.com/dastepsfashion/,ğ——ğ—”ğ—¦ğ—§ğ—˜ğ—£ğ—¦ | Leather Wallet I Bag,10373
534,https://www.instagram.com/startup_yatra/,Startups & Entrepreneurs,237
535,https://www.instagram.com/estaa7060/,@RaxmiRoyofficial Account,14830
536,https://www.instagram.com/estaa7060/,@RaxmiRoyofficial Account,14830
537,https://www.instagram.com/arpita_fun_girl/,Arpita arora,63
538,https://www.instagram.com/estaa7060/,@RaxmiRoyofficial Account,14830
539,https://www.instagram.com/businessnews.news/,BusinessNews,75
540,https://www.instagram.com/dashofcharts/,Dash of Charts,140
541,https://www.instagram.com/ritu5664255/,Ritika sharma,178
542,https://www.instagram.com/ritu5664255/,Ritika sharma,178
543,https://www.instagram.com/ritu5664255/,Ritika sharma,178
544,https://www.instagram.com/estaa7060/,@RaxmiRoyofficial Account,14830
545,https://www.instagram.com/estaa7060/,@RaxmiRoyofficial Account,14830
546,https://www.instagram.com/estaa7060/,@RaxmiRoyofficial Account,14830
547,https://www.instagram.com/estaa7060/,@RaxmiRoyofficial Account,14830
548,https://www.instagram.com/estaa7060/,@RaxmiRoyofficial Account,14830
549,https://www.instagram.com/ritu5664255/,Ritika sharma,178
550,https://www.instagram.com/ritu5664255/,Ritika sharma,178
551,https://www.instagram.com/ritu5664255/,Ritika sharma,178
552,https://www.instagram.com/estaa7060/,@RaxmiRoyofficial Account,14830
553,https://www.instagram.com/stocknocks/,Stocknocks,411
554,https://www.instagram.com/s_a_smirithy/,smirithy,371
555,https://www.instagram.com/businessnews.news/,BusinessNews,75
556,https://www.instagram.com/estaa7060/,@RaxmiRoyofficial Account,14830
557,https://www.instagram.com/estaa7060/,@RaxmiRoyofficial Account,14830
558,https://www.instagram.com/infomaniaa.in/,Infomaniaa | Finance& Business,3181
559,https://www.instagram.com/share.marketinfo/,à¤¶à¥‡à¤…à¤°_à¤®à¤¾à¤°à¥à¤•à¥‡à¤Ÿ_à¤‡à¤¨à¥à¤«à¥‹,846
560,https://www.instagram.com/s_a_smirithy/,smirithy,371
561,https://www.instagram.com/dalal_street_in/,Dalal Street India,1774
562,https://www.instagram.com/sensexnifty50/,Sensex Nifty 50,24922
563,https://www.instagram.com/meme_more_magic/,MeMe More Magic,2162
564,https://www.instagram.com/estaa7060/,@RaxmiRoyofficial Account,14830
565,https://www.instagram.com/estaa7060/,@RaxmiRoyofficial Account,14830
566,https://www.instagram.com/estaa7060/,@RaxmiRoyofficial Account,14830
567,https://www.instagram.com/estaa7060/,@RaxmiRoyofficial Account,14830
568,https://www.instagram.com/estaa7060/,@RaxmiRoyofficial Account,14830
569,https://www.instagram.com/s_a_smirithy/,smirithy,371
570,https://www.instagram.com/estaa7060/,@RaxmiRoyofficial Account,14830
571,https://www.instagram.com/estaa7060/,@RaxmiRoyofficial Account,14830
572,https://www.instagram.com/estaa7060/,@RaxmiRoyofficial Account,14830
573,https://www.instagram.com/estaa7060/,@RaxmiRoyofficial Account,14830
574,https://www.instagram.com/estaa7060/,@RaxmiRoyofficial Account,14830
575,https://www.instagram.com/estaa7060/,@RaxmiRoyofficial Account,14830
576,https://www.instagram.com/estaa7060/,@RaxmiRoyofficial Account,14830
577,https://www.instagram.com/s_a_smirithy/,smirithy,371
578,https://www.instagram.com/estaa7060/,@RaxmiRoyofficial Account,14830
579,https://www.instagram.com/estaa7060/,@RaxmiRoyofficial Account,14830
580,https://www.instagram.com/estaa7060/,@RaxmiRoyofficial Account,14830
581,https://www.instagram.com/estaa7060/,@RaxmiRoyofficial Account,14830
582,https://www.instagram.com/estaa7060/,@RaxmiRoyofficial Account,14830
583,https://www.instagram.com/estaa7060/,@RaxmiRoyofficial Account,14830
584,https://www.instagram.com/estaa7060/,@RaxmiRoyofficial Account,14830
585,https://www.instagram.com/estaa7060/,@RaxmiRoyofficial Account,14830
586,https://www.instagram.com/estaa7060/,@RaxmiRoyofficial Account,14830
587,https://www.instagram.com/estaa7060/,@RaxmiRoyofficial Account,14830
588,https://www.instagram.com/estaa7060/,@RaxmiRoyofficial Account,14830
589,https://www.instagram.com/mynxx6969/,SHEIK FATHIMA,347
590,https://www.instagram.com/estaa7060/,@RaxmiRoyofficial Account,14830
591,https://www.instagram.com/estaa7060/,@RaxmiRoyofficial Account,14830
592,https://www.instagram.com/estaa7060/,@RaxmiRoyofficial Account,14830
593,https://www.instagram.com/pritesh.rajput.14418/,Pritesh Rajput,1453
594,https://www.instagram.com/estaa7060/,@RaxmiRoyofficial Account,14830
595,https://www.instagram.com/estaa7060/,@RaxmiRoyofficial Account,14830
596,https://www.instagram.com/estaa7060/,@RaxmiRoyofficial Account,14830
597,https://www.instagram.com/estaa7060/,@RaxmiRoyofficial Account,14830
598,https://www.instagram.com/estaa7060/,@RaxmiRoyofficial Account,14830
599,https://www.instagram.com/estaa7060/,@RaxmiRoyofficial Account,14830
600,https://www.instagram.com/estaa7060/,@RaxmiRoyofficial Account,14830
601,https://www.instagram.com/estaa7060/,@RaxmiRoyofficial Account,14830
602,https://www.instagram.com/estaa7060/,@RaxmiRoyofficial Account,14830
603,https://www.instagram.com/estaa7060/,@RaxmiRoyofficial Account,14830
604,https://www.instagram.com/estaa7060/,@RaxmiRoyofficial Account,14830
605,https://www.instagram.com/estaa7060/,@RaxmiRoyofficial Account,14830
606,https://www.instagram.com/estaa7060/,@RaxmiRoyofficial Account,14830
607,https://www.instagram.com/estaa7060/,@RaxmiRoyofficial Account,14830
608,https://www.instagram.com/estaa7060/,@RaxmiRoyofficial Account,14830
609,https://www.instagram.com/estaa7060/,@RaxmiRoyofficial Account,14830
610,https://www.instagram.com/estaa7060/,@RaxmiRoyofficial Account,14830
611,https://www.instagram.com/estaa7060/,@RaxmiRoyofficial Account,14830
612,https://www.instagram.com/mobilecrime/,MobileCrime,16
613,https://www.instagram.com/message_kar/,foreveralone,317
614,https://www.instagram.com/message_kar/,foreveralone,317
615,https://www.instagram.com/message_kar/,foreveralone,317
616,https://www.instagram.com/message_kar/,foreveralone,317
617,https://www.instagram.com/message_kar/,foreveralone,317
618,https://www.instagram.com/haryanaalejatt/,à¨¹à¨°à¨¿à¨†à¨£à¨¾ à¨†à¨²à©‡ à¨œà©±à¨Ÿ ğŸšœğŸšœ,108
619,https://www.instagram.com/bacchon_in_veins/,bakchodbaba,21
620,https://www.instagram.com/appbot_india/,APPBOT INDIA,205
621,https://www.instagram.com/message_kar/,foreveralone,317
622,https://www.instagram.com/message_kar/,foreveralone,317
623,https://www.instagram.com/message_kar/,foreveralone,317
624,https://www.instagram.com/message_kar/,foreveralone,317
625,https://www.instagram.com/message_kar/,foreveralone,317
626,https://www.instagram.com/message_kar/,foreveralone,317
627,https://www.instagram.com/message_kar/,foreveralone,317
628,https://www.instagram.com/message_kar/,foreveralone,317
629,https://www.instagram.com/message_kar/,foreveralone,317
630,https://www.instagram.com/jsr_fashion2007/,JSR FASHION,130
631,https://www.instagram.com/jsr_fashion2007/,JSR FASHION,130
632,https://www.instagram.com/technobreakers/,Techno Breakers,115
633,https://www.instagram.com/_kajal_sharma_72/,kajal sharma,1003
634,https://www.instagram.com/aakansha2573/,aakansha kumari,399
635,https://www.instagram.com/aakansha2573/,aakansha kumari,399
636,https://www.instagram.com/aakansha2573/,aakansha kumari,399
637,https://www.instagram.com/aakansha2573/,aakansha kumari,399
638,https://www.instagram.com/aakansha2573/,aakansha kumari,399
639,https://www.instagram.com/pubg_free_rp/,jacky david,40
640,https://www.instagram.com/the_heaven_gallery/,THE_DEVINE,35
641,https://www.instagram.com/make_new_lifestyle/,business_lifestyle,29
642,https://www.instagram.com/route_99_fashion/,ROUTE 99Â®ï¸,83
643,https://www.instagram.com/pooja_rajput_72/,Romi Rajput 200kğŸ’,105256
644,https://www.instagram.com/arpanghosh336678/,Arpan Ghosh,17
645,https://www.instagram.com/_queen_rosey/,Naughty_Queen,68
